{"cameraMode":{"drawMode":0,"name":"Shaded","section":"Shading Mode"},"sceneLighting":true,"audioPlay":false,"sceneViewState":{"m_AlwaysRefresh":false,"showFog":true,"showSkybox":true,"showFlares":true,"showImageEffects":true,"showParticleSystems":true,"showVisualEffectGraphs":true,"m_FxEnabled":true},"in2DMode":false,"pivot":{"x":21.797199249267579,"y":19.02910041809082,"z":-7.444822311401367},"rotation":{"x":0.08190786093473435,"y":-0.21559880673885346,"z":0.018146105110645295,"w":0.9727916717529297},"size":1.1967538595199586,"orthographic":false}