{"cameraMode":{"drawMode":0,"name":"Shaded","section":"Shading Mode"},"sceneLighting":true,"audioPlay":false,"sceneViewState":{"m_AlwaysRefresh":false,"showFog":true,"showSkybox":true,"showFlares":true,"showImageEffects":true,"showParticleSystems":true,"showVisualEffectGraphs":true,"m_FxEnabled":true},"in2DMode":false,"pivot":{"x":13.221923828125,"y":26.69944953918457,"z":-21.267263412475587},"rotation":{"x":0.05214724689722061,"y":0.029346564784646035,"z":-0.0015966026112437249,"w":0.9981429576873779},"size":27.086875915527345,"orthographic":false}