{"cameraMode":{"drawMode":0,"name":"Shaded","section":"Shading Mode"},"sceneLighting":true,"audioPlay":false,"sceneViewState":{"m_AlwaysRefresh":false,"showFog":true,"showSkybox":true,"showFlares":true,"showImageEffects":true,"showParticleSystems":true,"showVisualEffectGraphs":true,"m_FxEnabled":true},"in2DMode":false,"pivot":{"x":59.66777420043945,"y":13.641202926635743,"z":136.29071044921876},"rotation":{"x":0.06575775891542435,"y":0.1247941255569458,"z":-0.008077596314251423,"w":0.9898998737335205},"size":100.86187744140625,"orthographic":false}