{"cameraMode":{"drawMode":0,"name":"Shaded","section":"Shading Mode"},"sceneLighting":true,"audioPlay":false,"sceneViewState":{"m_AlwaysRefresh":false,"showFog":true,"showSkybox":true,"showFlares":true,"showImageEffects":true,"showParticleSystems":true,"showVisualEffectGraphs":true,"m_FxEnabled":true},"in2DMode":false,"pivot":{"x":61.79924011230469,"y":15.285258293151856,"z":135.1175994873047},"rotation":{"x":0.07360237836837769,"y":0.06219293549656868,"z":-0.0043879905715584759,"w":0.9952688813209534},"size":100.04737091064453,"orthographic":false}